INSERT INTO users (username,email,password,address,latitude,longitude) VALUES('jamesbrown','jamesbrown01@example.co.uk','password1','221B Baker Street, London',51.5074,-0.1278);
INSERT INTO users (username,email,password,address,latitude,longitude) VALUES('emilywhite','emilywhite02@example.co.uk','password2','15 Oxford Road, Manchester',53.4808,-2.2426);
INSERT INTO users (username,email,password,address,latitude,longitude) VALUES('michaeljohnson','michaeljohnson03@example.co.uk','password3','10 Victoria Square, Birmingham',52.4862,-1.8904);
INSERT INTO users (username,email,password,address,latitude,longitude) VALUES('sarahwilliams','sarahwilliams04@example.co.uk','password4','20 Briggate, Leeds',53.8008,-1.5491);
INSERT INTO users (username,email,password,address,latitude,longitude) VALUES('davidjones','davidjones05@example.co.uk','password5','5 William Brown Street, Liverpool',53.4084,-2.9916);
INSERT INTO users (username,email,password,address,latitude,longitude) VALUES('laurabrown','laurabrown06@example.co.uk','password6','1 Grey Street, Newcastle upon Tyne',54.9783,-1.6178);
INSERT INTO users (username,email,password,address,latitude,longitude) VALUES('robertjames','robertjames07@example.co.uk','password7','50 Fargate, Sheffield',53.3811,-1.4701);
INSERT INTO users (username,email,password,address,latitude,longitude) VALUES('samanthagarcia','samanthagarcia08@example.co.uk','password8','8 College Green, Bristol',51.4545,-2.5879);
INSERT INTO users (username,email,password,address,latitude,longitude) VALUES('danielmartin','danielmartin09@example.co.uk','password9','12 Angel Row, Nottingham',52.9548,-1.1581);
INSERT INTO users (username,email,password,address,latitude,longitude) VALUES('ashleythomas','ashleythomas10@example.co.uk','password10','25 Gallowtree Gate, Leicester',52.6369,-1.1398);
INSERT INTO users (username,email,password,address,latitude,longitude) VALUES('christophermoore','christophermoore11@example.co.uk','password11','30 Hertford Street, Coventry',52.4068,-1.5197);
INSERT INTO users (username,email,password,address,latitude,longitude) VALUES('meganclark','meganclark12@example.co.uk','password12','18 Princes Quay, Kingston upon Hull',53.7676,-0.3274);
INSERT INTO users (username,email,password,address,latitude,longitude) VALUES('anthonymartinez','anthonymartinez13@example.co.uk','password13','40 Bolton Road, Bradford',53.7950,-1.7594);
INSERT INTO users (username,email,password,address,latitude,longitude) VALUES('amandalee','amandalee14@example.co.uk','password14','22 Royal William Yard, Plymouth',50.3755,-4.1427);
INSERT INTO users (username,email,password,address,latitude,longitude) VALUES('nicholasrobinson','nicholasrobinson15@example.co.uk','password15','5 Friar Street, Wolverhampton',52.5867,-2.1286);
INSERT INTO users (username,email,password,address,latitude,longitude) VALUES('victorhernandez','victorhernandez16@example.co.uk','password16','14 Iron Gate, Derby',52.9225,-1.4746);
INSERT INTO users (username,email,password,address,latitude,longitude) VALUES('oliviawalker','oliviawalker17@example.co.uk','password17','2 Above Bar Street, Southampton',50.9097,-1.4043);
INSERT INTO users (username,email,password,address,latitude,longitude) VALUES('markyoung','markyoung18@example.co.uk','password18','7 High Street, Portsmouth',50.8198,-1.0880);
INSERT INTO users (username,email,password,address,latitude,longitude) VALUES('rachelking','rachelking19@example.co.uk','password19','3 High Street West, Sunderland',54.9069,-1.3828);
INSERT INTO users (username,email,password,address,latitude,longitude) VALUES('stevenwright','stevenwright20@example.co.uk','password20','9 North Street, Brighton',50.8225,-0.1372);

INSERT INTO children (user_id,birthdate,first_name,last_name,gender) VALUES(1,TO_DATE('2015-04-12','YYYY-MM-DD'),'Emily','Brown','F');
INSERT INTO children (user_id,birthdate,first_name,last_name,gender) VALUES(1,TO_DATE('2018-09-30','YYYY-MM-DD'),'Thomas','Brown','M');
INSERT INTO children (user_id,birthdate,first_name,last_name,gender) VALUES(2,TO_DATE('2017-07-21','YYYY-MM-DD'),'Chloe','White','F');
INSERT INTO children (user_id,birthdate,first_name,last_name,gender) VALUES(3,TO_DATE('2012-01-05','YYYY-MM-DD'),'Luke','Johnson','M');
INSERT INTO children (user_id,birthdate,first_name,last_name,gender) VALUES(3,TO_DATE('2014-11-18','YYYY-MM-DD'),'Olivia','Johnson','F');
INSERT INTO children (user_id,birthdate,first_name,last_name,gender) VALUES(3,TO_DATE('2019-06-02','YYYY-MM-DD'),'Harry','Johnson','M');
INSERT INTO children (user_id,birthdate,first_name,last_name,gender) VALUES(4,TO_DATE('2016-03-27','YYYY-MM-DD'),'Isabella','Williams','F');
INSERT INTO children (user_id,birthdate,first_name,last_name,gender) VALUES(5,TO_DATE('2013-12-10','YYYY-MM-DD'),'Jack','Jones','M');
INSERT INTO children (user_id,birthdate,first_name,last_name,gender) VALUES(5,TO_DATE('2018-05-05','YYYY-MM-DD'),'Sophie','Jones','F');
INSERT INTO children (user_id,birthdate,first_name,last_name,gender) VALUES(6,TO_DATE('2011-08-14','YYYY-MM-DD'),'Mia','Brown','F');
INSERT INTO children (user_id,birthdate,first_name,last_name,gender) VALUES(6,TO_DATE('2014-02-23','YYYY-MM-DD'),'Joshua','Brown','M');
INSERT INTO children (user_id,birthdate,first_name,last_name,gender) VALUES(6,TO_DATE('2020-12-01','YYYY-MM-DD'),'Ella','Brown','F');
INSERT INTO children (user_id,birthdate,first_name,last_name,gender) VALUES(7,TO_DATE('2019-09-09','YYYY-MM-DD'),'Alexander','James','M');
INSERT INTO children (user_id,birthdate,first_name,last_name,gender) VALUES(8,TO_DATE('2012-06-15','YYYY-MM-DD'),'Grace','Garcia','F');
INSERT INTO children (user_id,birthdate,first_name,last_name,gender) VALUES(8,TO_DATE('2015-10-30','YYYY-MM-DD'),'Benjamin','Garcia','M');
INSERT INTO children (user_id,birthdate,first_name,last_name,gender) VALUES(9,TO_DATE('2010-11-22','YYYY-MM-DD'),'Lily','Martin','F');
INSERT INTO children (user_id,birthdate,first_name,last_name,gender) VALUES(9,TO_DATE('2013-03-03','YYYY-MM-DD'),'William','Martin','M');
INSERT INTO children (user_id,birthdate,first_name,last_name,gender) VALUES(9,TO_DATE('2017-07-07','YYYY-MM-DD'),'Ella','Martin','F');
INSERT INTO children (user_id,birthdate,first_name,last_name,gender) VALUES(10,TO_DATE('2016-04-01','YYYY-MM-DD'),'Daniel','Thomas','M');
INSERT INTO children (user_id,birthdate,first_name,last_name,gender) VALUES(11,TO_DATE('2013-09-19','YYYY-MM-DD'),'Sienna','Moore','F');
INSERT INTO children (user_id,birthdate,first_name,last_name,gender) VALUES(11,TO_DATE('2019-02-14','YYYY-MM-DD'),'Leo','Moore','M');
INSERT INTO children (user_id,birthdate,first_name,last_name,gender) VALUES(12,TO_DATE('2014-12-25','YYYY-MM-DD'),'Eva','Clark','F');
INSERT INTO children (user_id,birthdate,first_name,last_name,gender) VALUES(13,TO_DATE('2011-05-11','YYYY-MM-DD'),'Mason','Martinez','M');
INSERT INTO children (user_id,birthdate,first_name,last_name,gender) VALUES(13,TO_DATE('2015-08-29','YYYY-MM-DD'),'Scarlett','Martinez','F');
INSERT INTO children (user_id,birthdate,first_name,last_name,gender) VALUES(13,TO_DATE('2018-01-20','YYYY-MM-DD'),'Ethan','Martinez','M');
INSERT INTO children (user_id,birthdate,first_name,last_name,gender) VALUES(14,TO_DATE('2012-02-02','YYYY-MM-DD'),'Abigail','Lee','F');
INSERT INTO children (user_id,birthdate,first_name,last_name,gender) VALUES(14,TO_DATE('2017-11-11','YYYY-MM-DD'),'Samuel','Lee','M');
INSERT INTO children (user_id,birthdate,first_name,last_name,gender) VALUES(15,TO_DATE('2019-05-05','YYYY-MM-DD'),'Emily','Robinson','F');
INSERT INTO children (user_id,birthdate,first_name,last_name,gender) VALUES(16,TO_DATE('2010-10-10','YYYY-MM-DD'),'Noah','Hernandez','M');
INSERT INTO children (user_id,birthdate,first_name,last_name,gender) VALUES(16,TO_DATE('2014-04-04','YYYY-MM-DD'),'Zoe','Hernandez','F');
INSERT INTO children (user_id,birthdate,first_name,last_name,gender) VALUES(16,TO_DATE('2018-08-08','YYYY-MM-DD'),'Caleb','Hernandez','M');
INSERT INTO children (user_id,birthdate,first_name,last_name,gender) VALUES(17,TO_DATE('2013-03-03','YYYY-MM-DD'),'Hannah','Walker','F');
INSERT INTO children (user_id,birthdate,first_name,last_name,gender) VALUES(17,TO_DATE('2016-06-06','YYYY-MM-DD'),'Ryan','Walker','M');
INSERT INTO children (user_id,birthdate,first_name,last_name,gender) VALUES(18,TO_DATE('2017-07-07','YYYY-MM-DD'),'Zara','Young','F');
INSERT INTO children (user_id,birthdate,first_name,last_name,gender) VALUES(19,TO_DATE('2012-12-12','YYYY-MM-DD'),'Oliver','King','M');
INSERT INTO children (user_id,birthdate,first_name,last_name,gender) VALUES(19,TO_DATE('2015-05-15','YYYY-MM-DD'),'Charlotte','King','F');
INSERT INTO children (user_id,birthdate,first_name,last_name,gender) VALUES(20,TO_DATE('2011-01-01','YYYY-MM-DD'),'Evelyn','Wright','F');
INSERT INTO children (user_id,birthdate,first_name,last_name,gender) VALUES(20,TO_DATE('2014-04-04','YYYY-MM-DD'),'Logan','Wright','M');
INSERT INTO children (user_id,birthdate,first_name,last_name,gender) VALUES(20,TO_DATE('2018-08-08','YYYY-MM-DD'),'Madison','Wright','F');

INSERT INTO data (child_id,location,latitude,longitude) VALUES(1,'Playground, London',51.5074,-0.1278);
INSERT INTO data (child_id,location,latitude,longitude) VALUES(2,'Primary School, London',51.5074,-0.1278);
INSERT INTO data (child_id,location,latitude,longitude) VALUES(3,'City Park, Manchester',53.4808,-2.2426);
INSERT INTO data (child_id,location,latitude,longitude) VALUES(4,'Community Center, Birmingham',52.4862,-1.8904);
INSERT INTO data (child_id,location,latitude,longitude) VALUES(5,'Town Hall Playground, Birmingham',52.4862,-1.8904);
INSERT INTO data (child_id,location,latitude,longitude) VALUES(6,'Elementary School, Birmingham',52.4862,-1.8904);
INSERT INTO data (child_id,location,latitude,longitude) VALUES(7,'Leeds Royal Park, Leeds',53.8008,-1.5491);
INSERT INTO data (child_id,location,latitude,longitude) VALUES(8,'Sefton Park, Liverpool',53.4084,-2.9916);
INSERT INTO data (child_id,location,latitude,longitude) VALUES(9,'Liverpool Museum Area, Liverpool',53.4084,-2.9916);
INSERT INTO data (child_id,location,latitude,longitude) VALUES(10,'Town Moor, Newcastle upon Tyne',54.9783,-1.6178);
INSERT INTO data (child_id,location,latitude,longitude) VALUES(11,'Newcastle Playground, Newcastle upon Tyne',54.9783,-1.6178);
INSERT INTO data (child_id,location,latitude,longitude) VALUES(12,'Elementary School, Newcastle upon Tyne',54.9783,-1.6178);
INSERT INTO data (child_id,location,latitude,longitude) VALUES(13,'Endcliffe Park, Sheffield',53.3811,-1.4701);
INSERT INTO data (child_id,location,latitude,longitude) VALUES(14,'Ashton Court, Bristol',51.4545,-2.5879);
INSERT INTO data (child_id,location,latitude,longitude) VALUES(15,'Bristol Zoo Gardens, Bristol',51.4545,-2.5879);
INSERT INTO data (child_id,location,latitude,longitude) VALUES(16,'Wollaton Park, Nottingham',52.9548,-1.1581);
INSERT INTO data (child_id,location,latitude,longitude) VALUES(17,'Nottingham Playground, Nottingham',52.9548,-1.1581);
INSERT INTO data (child_id,location,latitude,longitude) VALUES(18,'Elementary School, Nottingham',52.9548,-1.1581);
INSERT INTO data (child_id,location,latitude,longitude) VALUES(19,'Victoria Park, Leicester',52.6369,-1.1398);
INSERT INTO data (child_id,location,latitude,longitude) VALUES(20,'War Memorial Park, Coventry',52.4068,-1.5197);
INSERT INTO data (child_id,location,latitude,longitude) VALUES(21,'Coventry Playground, Coventry',52.4068,-1.5197);
INSERT INTO data (child_id,location,latitude,longitude) VALUES(22,'East Park, Kingston upon Hull',53.7676,-0.3274);
INSERT INTO data (child_id,location,latitude,longitude) VALUES(23,'Lister Park, Bradford',53.7950,-1.7594);
INSERT INTO data (child_id,location,latitude,longitude) VALUES(24,'Bradford City Center, Bradford',53.7950,-1.7594);
INSERT INTO data (child_id,location,latitude,longitude) VALUES(25,'Elementary School, Bradford',53.7950,-1.7594);
INSERT INTO data (child_id,location,latitude,longitude) VALUES(26,'Central Park, Plymouth',50.3755,-4.1427);
INSERT INTO data (child_id,location,latitude,longitude) VALUES(27,'Plymouth Schoolyard, Plymouth',50.3755,-4.1427);
INSERT INTO data (child_id,location,latitude,longitude) VALUES(28,'West Park, Wolverhampton',52.5867,-2.1286);
INSERT INTO data (child_id,location,latitude,longitude) VALUES(29,'Pride Park, Derby',52.9225,-1.4746);
INSERT INTO data (child_id,location,latitude,longitude) VALUES(30,'Darley Park, Derby',52.9225,-1.4746);
INSERT INTO data (child_id,location,latitude,longitude) VALUES(31,'Elementary School, Derby',52.9225,-1.4746);
INSERT INTO data (child_id,location,latitude,longitude) VALUES(32,'Common, Southampton',50.9097,-1.4043);
INSERT INTO data (child_id,location,latitude,longitude) VALUES(33,'Southampton Playground, Southampton',50.9097,-1.4043);
INSERT INTO data (child_id,location,latitude,longitude) VALUES(34,'Southsea Park, Portsmouth',50.8198,-1.0880);
INSERT INTO data (child_id,location,latitude,longitude) VALUES(35,'Mowbray Park, Sunderland',54.9069,-1.3828);
INSERT INTO data (child_id,location,latitude,longitude) VALUES(36,'Sunderland Playground, Sunderland',54.9069,-1.3828);
INSERT INTO data (child_id,location,latitude,longitude) VALUES(37,'Preston Park, Brighton',50.8225,-0.1372);
INSERT INTO data (child_id,location,latitude,longitude) VALUES(38,'Brighton Pier Area, Brighton',50.8225,-0.1372);
INSERT INTO data (child_id,location,latitude,longitude) VALUES(39,'Elementary School, Brighton',50.8225,-0.1372);

INSERT INTO accidents (location,latitude,longitude,type,description) VALUES('Playground, London',51.5074,-0.1278,'Car Crash','Two cars collided near playground');
INSERT INTO accidents (location,latitude,longitude,type,description) VALUES('Primary School, London',51.5074,-0.1278,'Bombing','Nuclear bomb dropped on school');
INSERT INTO accidents (location,latitude,longitude,type,description) VALUES('City Park, Manchester',53.4808,-2.2426,'Flood','Major flood submerged park');
INSERT INTO accidents (location,latitude,longitude,type,description) VALUES('Community Center, Birmingham',52.4862,-1.8904,'Fire','Apocalypse fire engulfed center');
INSERT INTO accidents (location,latitude,longitude,type,description) VALUES('Town Hall Playground, Birmingham',52.4862,-1.8904,'Bombing','Nuclear strike destroyed playground');
INSERT INTO accidents (location,latitude,longitude,type,description) VALUES('Elementary School, Birmingham',52.4862,-1.8904,'Car Crash','Multiple cars crashed in school zone');
INSERT INTO accidents (location,latitude,longitude,type,description) VALUES('Leeds Royal Park, Leeds',53.8008,-1.5491,'Meteor Strike','Meteor crashed in park');
INSERT INTO accidents (location,latitude,longitude,type,description) VALUES('Sefton Park, Liverpool',53.4084,-2.9916,'Flood','Park flooded by river overflow');
INSERT INTO accidents (location,latitude,longitude,type,description) VALUES('Liverpool Museum Area, Liverpool',53.4084,-2.9916,'Bombing','Nuclear explosion near museum');
INSERT INTO accidents (location,latitude,longitude,type,description) VALUES('Town Moor, Newcastle upon Tyne',54.9783,-1.6178,'Fire','Apocalyptic wildfire at town moor');
INSERT INTO accidents (location,latitude,longitude,type,description) VALUES('Newcastle Playground, Newcastle upon Tyne',54.9783,-1.6178,'Car Crash','Two cars jackknifed near playground');
INSERT INTO accidents (location,latitude,longitude,type,description) VALUES('Elementary School, Newcastle upon Tyne',54.9783,-1.6178,'Bombing','Airstrike leveled the school');
INSERT INTO accidents (location,latitude,longitude,type,description) VALUES('Endcliffe Park, Sheffield',53.3811,-1.4701,'Flood','Park submerged by sudden storm surge');
INSERT INTO accidents (location,latitude,longitude,type,description) VALUES('Ashton Court, Bristol',51.4545,-2.5879,'Car Crash','Multi-vehicle collision on court road');
INSERT INTO accidents (location,latitude,longitude,type,description) VALUES('Bristol Zoo Gardens, Bristol',51.4545,-2.5879,'Bombing','Nuclear bomb detonated over zoo');
INSERT INTO accidents (location,latitude,longitude,type,description) VALUES('Wollaton Park, Nottingham',52.9548,-1.1581,'Apocalypse','Zombie apocalypse began at park');
INSERT INTO accidents (location,latitude,longitude,type,description) VALUES('Nottingham Playground, Nottingham',52.9548,-1.1581,'Car Crash','Pileup of cars outside playground');
INSERT INTO accidents (location,latitude,longitude,type,description) VALUES('Elementary School, Nottingham',52.9548,-1.1581,'Bombing','Chemical bomb exploded in school');
INSERT INTO accidents (location,latitude,longitude,type,description) VALUES('Victoria Park, Leicester',52.6369,-1.1398,'Flood','River overflow flooded park');
INSERT INTO accidents (location,latitude,longitude,type,description) VALUES('War Memorial Park, Coventry',52.4068,-1.5197,'Bombing','Nuclear blast hit park');
INSERT INTO accidents (location,latitude,longitude,type,description) VALUES('Coventry Playground, Coventry',52.4068,-1.5197,'Car Crash','Bus and car collision at playground');
INSERT INTO accidents (location,latitude,longitude,type,description) VALUES('East Park, Kingston upon Hull',53.7676,-0.3274,'Apocalypse','Apocalyptic storm destroyed park');
INSERT INTO accidents (location,latitude,longitude,type,description) VALUES('Lister Park, Bradford',53.7950,-1.7594,'Bombing','Nuclear missile struck park');
INSERT INTO accidents (location,latitude,longitude,type,description) VALUES('Bradford City Center, Bradford',53.7950,-1.7594,'Car Crash','Taxi and van collided downtown');
INSERT INTO accidents (location,latitude,longitude,type,description) VALUES('Elementary School, Bradford',53.7950,-1.7594,'Fire','Apocalyptic inferno burned school');
INSERT INTO accidents (location,latitude,longitude,type,description) VALUES('Central Park, Plymouth',50.3755,-4.1427,'Flood','Tsunami flooded park');
INSERT INTO accidents (location,latitude,longitude,type,description) VALUES('Plymouth Schoolyard, Plymouth',50.3755,-4.1427,'Car Crash','School bus crash on main road');
INSERT INTO accidents (location,latitude,longitude,type,description) VALUES('West Park, Wolverhampton',52.5867,-2.1286,'Bombing','Nuclear device detonated near park');
INSERT INTO accidents (location,latitude,longitude,type,description) VALUES('Pride Park, Derby',52.9225,-1.4746,'Flood','Dam breach flooded pride park');
INSERT INTO accidents (location,latitude,longitude,type,description) VALUES('Darley Park, Derby',52.9225,-1.4746,'Car Crash','Chain collision on park entrance');
INSERT INTO accidents (location,latitude,longitude,type,description) VALUES('Elementary School, Derby',52.9225,-1.4746,'Bombing','Bomb exploded in school yard');
INSERT INTO accidents (location,latitude,longitude,type,description) VALUES('Common, Southampton',50.9097,-1.4043,'Fire','Apocalyptic wildfire in common');
INSERT INTO accidents (location,latitude,longitude,type,description) VALUES('Southampton Playground, Southampton',50.9097,-1.4043,'Car Crash','Four-car collision by playground');
INSERT INTO accidents (location,latitude,longitude,type,description) VALUES('Southsea Park, Portsmouth',50.8198,-1.0880,'Bombing','Nuclear blast over park');
INSERT INTO accidents (location,latitude,longitude,type,description) VALUES('Mowbray Park, Sunderland',54.9069,-1.3828,'Flood','Severe flood inundated park');
INSERT INTO accidents (location,latitude,longitude,type,description) VALUES('Sunderland Playground, Sunderland',54.9069,-1.3828,'Car Crash','Multiple vehicle crash near playground');
INSERT INTO accidents (location,latitude,longitude,type,description) VALUES('Preston Park, Brighton',50.8225,-0.1372,'Bombing','Missile strike hit park');
INSERT INTO accidents (location,latitude,longitude,type,description) VALUES('Brighton Pier Area, Brighton',50.8225,-0.1372,'Apocalypse','Tidal wave apocalypse at pier');
INSERT INTO accidents (location,latitude,longitude,type,description) VALUES('Elementary School, Brighton',50.8225,-0.1372,'Car Crash','School bus and truck collision');